time,CO2_ppm_MLO,CO2_ppm_SPO,CO2_gr_MLO,CO2_gr_SPO,CO2_ppm_global
3/15/1958,,313.95,,0.2544,
4/15/1958,,314.07,,0.5512,
5/15/1958,,314.33,,-0.0848,
6/15/1958,,314.29,,0.212,
7/15/1958,,314.39,,0.8268,
8/15/1958,314.43,314.78,1.5476,-0.424,
9/15/1958,315.16,314.58,-0.954,0.1908,
10/15/1958,314.71,314.67,0.9116,0.1272,
11/15/1958,315.14,314.73,0.106,0.212,
12/15/1958,315.19,314.83,2.12,0.1696,
1/15/1959,316.19,314.91,-0.212,-0.1908,
2/15/1959,316.09,314.82,-1.4416,0.5088,
3/15/1959,315.41,315.06,-0.4452,0.1484,
4/15/1959,315.2,315.13,0.4876,0.1484,
5/15/1959,315.43,315.2,0.2332,-0.0636,
6/15/1959,315.54,315.17,0.6784,0.636,
7/15/1959,315.86,315.47,-1.0176,0.1696,
8/15/1959,315.38,315.55,0.0636,-0.1272,
9/15/1959,315.41,315.49,0.1484,0.1484,
10/15/1959,315.48,315.56,1.166,0.1484,
11/15/1959,316.03,315.63,-0.3392,0.1272,
12/15/1959,315.87,315.69,0.424,-0.1696,
1/15/1960,316.07,315.61,1.3992,0.2544,
2/15/1960,316.73,315.73,-0.848,0.3604,
3/15/1960,316.33,315.9,0.742,0.1696,
4/15/1960,316.68,315.98,-0.6996,0.1272,
5/15/1960,316.35,316.04,0.0848,0.1484,
6/15/1960,316.39,316.11,-0.0848,0.1484,
7/15/1960,316.35,316.18,-0.1484,0.1272,
8/15/1960,316.28,316.24,0.8904,0.1484,
9/15/1960,316.7,316.31,1.0812,0.1272,
10/15/1960,317.21,316.37,0.5512,0.53,
11/15/1960,317.47,316.62,0.1272,0.106,
12/15/1960,317.53,316.67,-0.6996,-0.5936,
1/15/1961,317.2,316.39,-0.2544,0.4876,
2/15/1961,317.08,316.62,-0.53,0.1272,
3/15/1961,316.83,316.68,0.106,0.1272,
4/15/1961,316.88,316.74,0.1696,0.106,
5/15/1961,316.96,316.79,-0.2332,0.106,
6/15/1961,316.85,316.84,0.4664,1.0176,
7/15/1961,317.07,317.32,0.4028,-0.8056,
8/15/1961,317.26,316.94,-0.2332,0.106,
9/15/1961,317.15,316.99,1.272,0.3392,
10/15/1961,317.75,317.15,-0.2544,-0.1484,
11/15/1961,317.63,317.08,0.5512,-0.4028,
12/15/1961,317.89,316.89,0.3816,0.2332,
1/15/1962,318.07,317,-0.3604,0.3392,
2/15/1962,317.9,317.16,0.8904,0.212,
3/15/1962,318.32,317.26,-0.6996,0.5724,
4/15/1962,317.99,317.53,-0.4452,-0.0212,
5/15/1962,317.78,317.52,0.2544,0.0212,
6/15/1962,317.9,317.53,0.0424,0.1484,
7/15/1962,317.92,317.6,0.9964,-0.1484,
8/15/1962,318.39,317.53,-0.318,0.0848,
9/15/1962,318.24,317.57,-0.1272,-0.0636,
10/15/1962,318.18,317.54,0.6148,-0.1484,
11/15/1962,318.47,317.47,0.9964,-0.5088,
12/15/1962,318.94,317.23,-0.53,0.106,
1/15/1963,318.69,317.28,1.0176,0.5936,
2/15/1963,319.17,317.56,-1.5264,0.5512,
3/15/1963,318.45,317.82,0.2756,0.1484,
4/15/1963,318.58,317.89,-0.2332,1.1872,
5/15/1963,318.47,318.45,0.4876,-0.5088,
6/15/1963,318.7,318.21,-0.5724,-0.0212,
7/15/1963,318.43,318.2,0.2968,-0.53,
8/15/1963,318.57,317.95,0.9964,0.848,
9/15/1963,319.04,318.35,0.7632,0.5936,
10/15/1963,319.4,318.63,-0.1484,-0.4028,
11/15/1963,319.33,318.44,-0.5724,-0.4876,
12/15/1963,319.06,318.21,-0.0212,0.1484,
1/15/1964,319.05,318.28,0.1908,-0.4876,
2/15/1964,319.14,318.05,-0.2544,1.0176,
3/15/1964,319.02,318.53,-0.106,-0.0848,
4/15/1964,318.97,318.49,0.3392,0.0636,
5/15/1964,319.13,318.52,0.848,0.0424,
6/15/1964,319.53,318.54,-0.3392,0.0636,
7/15/1964,319.37,318.57,0.0848,0.0636,
8/15/1964,319.41,318.6,0.0848,0.0636,
9/15/1964,319.45,318.63,-0.106,0.0424,
10/15/1964,319.4,318.65,0.742,0.0636,
11/15/1964,319.75,318.68,0.0636,0.0848,
12/15/1964,319.78,318.72,0.4876,0.0636,
1/15/1965,320.01,318.75,-0.742,0.0848,
2/15/1965,319.66,318.79,0.53,0.106,
3/15/1965,319.91,318.84,-0.6996,0.106,
4/15/1965,319.58,318.89,-0.212,0.106,
5/15/1965,319.48,318.94,-0.1696,0.1272,
6/15/1965,319.4,319,0.848,0.0424,
7/15/1965,319.8,319.02,-0.4452,0.0636,
8/15/1965,319.59,319.05,0.4028,0.212,
9/15/1965,319.78,319.15,-1.0176,0.212,
10/15/1965,319.3,319.25,0.848,0.318,
11/15/1965,319.7,319.4,1.7384,-0.1484,
12/15/1965,320.52,319.33,-0.7632,-0.0424,
1/15/1966,320.16,319.31,1.2932,0.8904,
2/15/1966,320.77,319.73,-0.8692,0.2332,
3/15/1966,320.36,319.84,0.8904,-0.0212,
4/15/1966,320.78,319.83,-1.2296,0.5936,
5/15/1966,320.2,320.11,0.8056,0.6784,
6/15/1966,320.58,320.43,0.7844,-0.106,
7/15/1966,320.95,320.38,0.2756,0.3392,
8/15/1966,321.08,320.54,0.5512,0.4876,
9/15/1966,321.34,320.77,-0.2968,0.0848,
10/15/1966,321.2,320.81,0.7844,-0.2544,
11/15/1966,321.57,320.69,0.2544,0.106,
12/15/1966,321.69,320.74,-0.0636,-0.0636,
1/15/1967,321.66,320.71,-0.1272,0.2332,
2/15/1967,321.6,320.82,-0.9116,0.318,
3/15/1967,321.17,320.97,1.1236,0.5088,
4/15/1967,321.7,321.21,0.2332,-0.6148,
5/15/1967,321.81,320.92,0.9964,0.3816,
6/15/1967,322.28,321.1,-0.9116,0.53,
7/15/1967,321.85,321.35,-0.2544,-0.3604,
8/15/1967,321.73,321.18,0.6572,0.2968,
9/15/1967,322.04,321.32,0.1484,0.106,
10/15/1967,322.11,321.37,-0.424,-0.3816,
11/15/1967,321.91,321.19,-0.1272,-0.3604,
12/15/1967,321.85,321.02,0.7844,1.0176,
1/15/1968,322.22,321.5,0.0212,0.1272,
2/15/1968,322.23,321.56,0.5088,-0.5512,
3/15/1968,322.47,321.3,0.3816,0.3816,
4/15/1968,322.65,321.48,0.1908,0.2968,
5/15/1968,322.74,321.62,-0.4452,-0.0212,
6/15/1968,322.53,321.61,-0.0636,0.1696,
7/15/1968,322.5,321.69,0.106,0.1272,
8/15/1968,322.55,321.75,0.1484,0.6996,
9/15/1968,322.62,322.08,0.106,-0.53,
10/15/1968,322.67,321.83,1.1024,-0.3604,
11/15/1968,323.19,321.66,0.5936,0.7844,
12/15/1968,323.47,322.03,-0.0636,0.1696,
1/15/1969,323.44,322.11,-0.2544,0.1696,
2/15/1969,323.32,322.19,0.0212,0.1908,
3/15/1969,323.33,322.28,-0.1696,0.1908,
4/15/1969,323.25,322.37,0.9116,0.2756,
5/15/1969,323.68,322.5,0.5936,-0.1272,
6/15/1969,323.96,322.44,-0.424,0.4664,
7/15/1969,323.76,322.66,1.166,0.1908,
8/15/1969,324.31,322.75,-0.0848,0,
9/15/1969,324.27,322.75,0.424,0.4452,
10/15/1969,324.47,322.96,0.0848,0.0848,
11/15/1969,324.51,323,1.4416,0.424,
12/15/1969,325.19,323.2,-0.4452,0.0636,
1/15/1970,324.98,323.23,0.8268,0.8692,
2/15/1970,325.37,323.64,-1.0388,-0.424,
3/15/1970,324.88,323.44,-0.1908,0.3816,
4/15/1970,324.79,323.62,0.2544,0.1696,
5/15/1970,324.91,323.7,0.2332,0.1484,
6/15/1970,325.02,323.77,0.6572,0.2332,
7/15/1970,325.33,323.88,0.5936,0.0848,
8/15/1970,325.61,323.92,0.2756,0.4664,
9/15/1970,325.74,324.14,-1.2296,-0.0212,
10/15/1970,325.16,324.13,0.636,0.5936,
11/15/1970,325.46,324.41,0.4028,0.0212,
12/15/1970,325.65,324.42,0.742,-0.212,
1/15/1971,326,324.32,0.212,0.6996,
2/15/1971,326.1,324.65,0.1696,0.0848,
3/15/1971,326.18,324.69,-0.4876,0.424,
4/15/1971,325.95,324.89,-0.0424,-0.318,
5/15/1971,325.93,324.74,0.424,0.2968,
6/15/1971,326.13,324.88,-0.212,0.1484,
7/15/1971,326.03,324.95,-0.3816,-0.2756,
8/15/1971,325.85,324.82,-0.9964,0.2544,
9/15/1971,325.38,324.94,1.3144,0.212,
10/15/1971,326,325.04,0.7632,0.212,
11/15/1971,326.36,325.14,0.636,-0.0848,
12/15/1971,326.66,325.1,0.1908,0.212,
1/15/1972,326.75,325.2,-0.8056,0.106,
2/15/1972,326.37,325.25,0.6572,0.1272,
3/15/1972,326.68,325.31,0.1484,0.1696,
4/15/1972,326.75,325.39,0.1272,0.106,
5/15/1972,326.81,325.44,-0.1696,0.1696,
6/15/1972,326.73,325.52,0.53,0.1484,
7/15/1972,326.98,325.59,-1.2508,-0.106,
8/15/1972,326.39,325.54,1.908,0.212,
9/15/1972,327.29,325.64,-0.3392,0.0848,
10/15/1972,327.13,325.68,-0.5088,0.7844,
11/15/1972,326.89,326.05,1.0176,0.0636,
12/15/1972,327.37,326.08,0.636,0.848,
1/15/1973,327.67,326.48,0.424,-0.9964,
2/15/1973,327.87,326.01,0.9752,0.5512,
3/15/1973,328.33,326.27,0.2544,0.8692,
4/15/1973,328.45,326.68,-0.212,-0.0424,
5/15/1973,328.35,326.66,0.318,0.3392,
6/15/1973,328.5,326.82,0.848,-0.2756,
7/15/1973,328.9,326.69,0.1272,0.318,
8/15/1973,328.96,326.84,0.2544,0.9328,
9/15/1973,329.08,327.28,0.954,0.4028,
10/15/1973,329.53,327.47,0.6572,0.3816,
11/15/1973,329.84,327.65,0.6996,0.0636,
12/15/1973,330.17,327.68,0.9964,0.742,
1/15/1974,330.64,328.03,-0.1908,0.2756,
2/15/1974,330.55,328.16,-0.4876,-0.0636,
3/15/1974,330.32,328.13,-0.4028,0.2544,
4/15/1974,330.13,328.25,-1.4628,0.424,
5/15/1974,329.44,328.45,-0.2756,-0.1484,
6/15/1974,329.31,328.38,1.5688,0.106,
7/15/1974,330.05,328.43,0.1908,0.2968,
8/15/1974,330.14,328.57,0.1696,-0.2756,
9/15/1974,330.22,328.44,-0.1908,-0.1272,
10/15/1974,330.13,328.38,-0.2544,-0.5512,
11/15/1974,330.01,328.12,0.9752,0.636,
12/15/1974,330.47,328.42,0.5512,-0.2332,
1/15/1975,330.73,328.31,-0.5512,0.212,
2/15/1975,330.47,328.41,0.106,0.2544,
3/15/1975,330.52,328.53,-0.1908,0.5512,
4/15/1975,330.43,328.79,-0.106,0.0848,
5/15/1975,330.38,328.83,-0.0424,0.2968,
6/15/1975,330.36,328.97,0.8056,0.5936,
7/15/1975,330.74,329.25,-0.106,0.212,
8/15/1975,330.69,329.35,0.3816,0.1272,
9/15/1975,330.87,329.41,0.2756,-0.212,
10/15/1975,331,329.31,0.7632,-0.0424,
11/15/1975,331.36,329.29,-0.3392,0.0212,
12/15/1975,331.2,329.3,0.424,0.318,
1/15/1976,331.4,329.45,0.4452,0.5088,
2/15/1976,331.61,329.69,-0.2332,0.7632,
3/15/1976,331.5,330.05,-0.0636,0.1272,
4/15/1976,331.47,330.11,0.212,0.0212,
5/15/1976,331.57,330.12,0.2756,0.5724,
6/15/1976,331.7,330.39,0.424,-0.0848,
7/15/1976,331.9,330.35,0.4664,0.1484,
8/15/1976,332.12,330.42,0,-0.6996,
9/15/1976,332.12,330.09,-0.4664,0.4452,
10/15/1976,331.9,330.3,0.424,-0.1908,
11/15/1976,332.1,330.21,0.5724,0.4028,
12/15/1976,332.37,330.4,-0.1272,0.4876,
1/15/1977,332.31,330.63,0.1484,0.4664,
2/15/1977,332.38,330.85,-0.5724,0.742,
3/15/1977,332.11,331.2,0.3816,0.4452,
4/15/1977,332.29,331.41,0.424,-0.2756,
5/15/1977,332.49,331.28,0.8268,0.0636,
6/15/1977,332.88,331.31,-0.2756,0.0848,
7/15/1977,332.75,331.35,1.272,-0.0212,
8/15/1977,333.35,331.34,0.5724,0.9752,
9/15/1977,333.62,331.8,0.2968,-0.0424,
10/15/1977,333.76,331.78,0.53,0.1484,
11/15/1977,334.01,331.85,0.424,0.3392,
12/15/1977,334.21,332.01,-0.2332,0.1272,
1/15/1978,334.1,332.07,1.1872,0.53,
2/15/1978,334.66,332.32,-0.6572,0.5512,
3/15/1978,334.35,332.58,0.106,0.8056,
4/15/1978,334.4,332.96,0.5512,0.1696,
5/15/1978,334.66,333.04,0.5724,-0.2544,
6/15/1978,334.93,332.92,-0.4452,0.2332,
7/15/1978,334.72,333.03,1.1872,0.6784,
8/15/1978,335.28,333.35,0.0424,0.212,
9/15/1978,335.3,333.45,-0.6148,0.0848,
10/15/1978,335.01,333.49,1.3144,0.2332,
11/15/1978,335.63,333.6,0.4028,0.3816,
12/15/1978,335.82,333.78,0.4664,0.2544,
1/15/1979,336.04,333.9,-0.424,0.636,
2/15/1979,335.84,334.2,-0.212,0.2756,
3/15/1979,335.74,334.33,0.3816,-0.212,
4/15/1979,335.92,334.23,-0.3392,-0.1908,
5/15/1979,335.76,334.14,0.8904,-0.0636,
6/15/1979,336.18,334.11,-0.1908,0.5936,
7/15/1979,336.09,334.39,1.0812,-0.1484,
8/15/1979,336.6,334.32,-0.4028,0.6996,
9/15/1979,336.41,334.65,0.106,0.106,
10/15/1979,336.46,334.7,1.166,0.106,
11/15/1979,337.01,334.75,0,0.742,
12/15/1979,337.01,335.1,0.9116,0.5088,
1/15/1980,337.44,335.34,-0.9116,-0.0212,338.45
2/15/1980,337.01,335.33,0.1272,0.3392,339.15
3/15/1980,337.07,335.49,0.4876,1.1448,339.47
4/15/1980,337.3,336.03,0.53,-0.2968,339.87
5/15/1980,337.55,335.89,0.8904,0.53,340.3
6/15/1980,337.97,336.14,-0.5936,-0.0848,339.86
7/15/1980,337.69,336.1,2.0988,0.6996,338.33
8/15/1980,338.68,336.43,-0.8904,0.2968,337.1
9/15/1980,338.26,336.57,0.4028,0.0424,336.94
10/15/1980,338.45,336.59,0.9964,1.1448,337.71
11/15/1980,338.92,337.13,-0.106,0.5724,338.82
12/15/1980,338.87,337.4,0.2544,-0.4876,339.54
1/15/1981,338.99,337.17,0,0.318,340.09
2/15/1981,338.99,337.32,0.5088,0.106,340.66
3/15/1981,339.23,337.37,-0.2544,0.53,341.29
4/15/1981,339.11,337.62,-0.1696,0.5724,341.57
5/15/1981,339.03,337.89,0.3392,-0.0848,341.29
6/15/1981,339.19,337.85,1.2932,-0.0212,340.49
7/15/1981,339.8,337.84,0.4452,0.2332,339.11
8/15/1981,340.01,337.95,0.0212,0.106,337.96
9/15/1981,340.02,338,-0.2968,0.0848,337.86
10/15/1981,339.88,338.04,0.1696,0.7632,338.96
11/15/1981,339.96,338.4,-0.424,-0.1484,340.06
12/15/1981,339.76,338.33,0.0848,0.106,340.64
1/15/1982,339.8,338.38,0.0212,-0.2332,341.26
2/15/1982,339.81,338.27,0.5724,0.7632,341.85
3/15/1982,340.08,338.63,0.636,-0.2332,342.13
4/15/1982,340.38,338.52,0.1272,0.4876,342.42
5/15/1982,340.44,338.75,0.5724,0.1696,342.27
6/15/1982,340.71,338.83,0.4876,0.2968,341.39
7/15/1982,340.94,338.97,0.8056,-0.1696,339.66
8/15/1982,341.32,338.89,-0.53,0.6148,338.03
9/15/1982,341.07,339.18,0.0636,0.3816,338.08
10/15/1982,341.1,339.36,-0.106,0.1696,339.53
11/15/1982,341.05,339.44,0.5936,-0.318,340.85
12/15/1982,341.33,339.29,-0.318,0.954,341.68
1/15/1983,341.18,339.74,-0.1696,0.0424,342.27
2/15/1983,341.1,339.76,0,0.1272,342.65
3/15/1983,341.1,339.82,0.4028,-0.2332,342.94
4/15/1983,341.29,339.71,0.0424,0.212,343.42
5/15/1983,341.31,339.81,0.0424,0.2968,343.74
6/15/1983,341.33,339.95,1.0812,0.4876,343.41
7/15/1983,341.84,340.18,-0.2544,0.3392,342.04
8/15/1983,341.72,340.34,1.5264,0.954,340.52
9/15/1983,342.44,340.79,0.5724,0.424,340.44
10/15/1983,342.71,340.99,0.636,0.53,341.66
11/15/1983,343.01,341.24,0.5088,0.2332,342.74
12/15/1983,343.25,341.35,1.0812,0.2968,343.4
1/15/1984,343.76,341.49,-1.6112,0.6148,344.23
2/15/1984,343,341.78,0.5088,-0.0212,344.73
3/15/1984,343.24,341.77,-0.106,0.8904,344.87
4/15/1984,343.19,342.19,1.3356,0.0212,345.1
5/15/1984,343.82,342.2,-0.3604,-0.1272,345.24
6/15/1984,343.65,342.14,0.3604,0.0636,344.47
7/15/1984,343.82,342.17,0.106,0.1272,343.11
8/15/1984,343.87,342.23,1.378,0.1908,342.12
9/15/1984,344.52,342.32,-0.2968,-0.1696,342.05
10/15/1984,344.38,342.24,0.2756,0.0424,342.91
11/15/1984,344.51,342.26,0.3816,1.0388,344.08
12/15/1984,344.69,342.75,0,0.1484,344.92
1/15/1985,344.69,342.82,-0.9752,0.1908,345.27
2/15/1985,344.23,342.91,0.7844,0.1696,345.72
3/15/1985,344.6,342.99,0.8692,-0.0212,346.56
4/15/1985,345.01,342.98,0.0848,0.0424,346.85
5/15/1985,345.05,343,-0.2756,0.212,346.69
6/15/1985,344.92,343.1,0.8268,0.1908,346.18
7/15/1985,345.31,343.19,1.5264,0.0848,344.85
8/15/1985,346.03,343.23,-0.424,0.0212,343.36
9/15/1985,345.83,343.24,0.0636,0.53,343.3
10/15/1985,345.86,343.49,0.1696,0.4028,344.56
11/15/1985,345.94,343.68,-0.2332,0.4028,345.7
12/15/1985,345.83,343.87,0.4876,0.5512,346.46
1/15/1986,346.06,344.13,0.3816,0.3816,347.02
2/15/1986,346.24,344.31,-0.3604,0.2544,347.24
3/15/1986,346.07,344.43,0.4452,0,347.62
4/15/1986,346.28,344.43,0.2332,0.1272,348.14
5/15/1986,346.39,344.49,-0.2968,0.4664,348.24
6/15/1986,346.25,344.71,0.0212,0.4664,347.68
7/15/1986,346.26,344.93,0.424,0.1696,346.22
8/15/1986,346.46,345.01,1.2084,0.212,344.83
9/15/1986,347.03,345.11,0.2332,-0.0848,344.78
10/15/1986,347.14,345.07,0.1908,0.4028,345.96
11/15/1986,347.23,345.26,-0.0636,0.4876,347.22
12/15/1986,347.2,345.49,0.1908,0.1272,347.68
1/15/1987,347.29,345.55,1.5476,0.1696,347.94
2/15/1987,348.02,345.63,-1.2084,0.0424,348.5
3/15/1987,347.45,345.65,0.5512,0.3392,349.22
4/15/1987,347.71,345.81,0.0636,0.1696,349.91
5/15/1987,347.74,345.89,0.5088,0.1272,350.2
6/15/1987,347.98,345.95,-0.4028,0.424,349.41
7/15/1987,347.79,346.15,0.4876,0.212,347.81
8/15/1987,348.02,346.25,0.9116,0.7208,346.56
9/15/1987,348.45,346.59,0.6572,0.0212,346.65
10/15/1987,348.76,346.6,0.3392,0.5088,347.92
11/15/1987,348.92,346.84,-0.318,0.6148,349.2
12/15/1987,348.77,347.13,1.5264,0.2332,350.16
1/15/1988,349.49,347.24,0.2756,0.5936,350.87
2/15/1988,349.62,347.52,0.0636,0.1272,351.44
3/15/1988,349.65,347.58,0.4664,0.53,351.82
4/15/1988,349.87,347.83,-0.1484,0.7208,352.28
5/15/1988,349.8,348.17,1.2508,0.424,352.44
6/15/1988,350.39,348.37,1.378,0.0848,351.75
7/15/1988,351.04,348.41,-0.53,-0.0424,350.27
8/15/1988,350.79,348.39,0.4876,0.6148,349.08
9/15/1988,351.02,348.68,0.212,0.0636,349.26
10/15/1988,351.12,348.71,0.7632,0.2332,350.44
11/15/1988,351.48,348.82,0.4028,0.4028,351.63
12/15/1988,351.67,349.01,0.3816,0.424,352.49
1/15/1989,351.85,349.21,0.1484,-0.0212,353.04
2/15/1989,351.92,349.2,0.5512,0.3604,353.51
3/15/1989,352.18,349.37,-0.106,0.1908,354.06
4/15/1989,352.13,349.46,0.106,0.424,354.44
5/15/1989,352.18,349.66,1.1236,0.5088,354.25
6/15/1989,352.71,349.9,-0.6996,0.4664,353.32
7/15/1989,352.38,350.12,-0.2332,0.106,351.58
8/15/1989,352.27,350.17,1.272,0.0848,350.19
9/15/1989,352.87,350.21,-0.6572,0.212,350.52
10/15/1989,352.56,350.31,0.4452,0.2332,351.81
11/15/1989,352.77,350.42,0.8268,0.2544,353
12/15/1989,353.16,350.54,-0.1908,0.424,353.86
1/15/1990,353.07,350.74,-0.1484,0.212,354.4
2/15/1990,353,350.84,0.636,-0.1272,354.8
3/15/1990,353.3,350.78,0.1484,0.424,355.12
4/15/1990,353.37,350.98,0,-0.2968,355.43
5/15/1990,353.37,350.84,0.53,0.0636,355.32
6/15/1990,353.62,350.87,0.8056,0.0424,354.26
7/15/1990,354,350.89,-0.0636,0.5512,352.64
8/15/1990,353.97,351.15,-0.6996,0.4664,351.51
9/15/1990,353.64,351.37,0.848,0.8056,351.72
10/15/1990,354.04,351.75,-0.3604,0.1484,353.11
11/15/1990,353.87,351.82,0.424,0.4028,354.35
12/15/1990,354.07,352.01,0.53,0.2756,355.09
1/15/1991,354.32,352.14,-0.318,0.1272,355.67
2/15/1991,354.17,352.2,0.6996,-0.318,356.09
3/15/1991,354.5,352.05,0.8692,0.8904,356.58
4/15/1991,354.91,352.47,0.318,0,357.09
5/15/1991,355.06,352.47,-0.8056,0.2332,357
6/15/1991,354.68,352.58,0.7844,0.1908,356.07
7/15/1991,355.05,352.67,1.4628,0.2544,354.43
8/15/1991,355.74,352.79,0.6148,0.2756,352.96
9/15/1991,356.03,352.92,0.3816,0.0212,352.83
10/15/1991,356.21,352.93,-0.6996,0.5724,353.91
11/15/1991,355.88,353.2,-0.954,0.318,355.06
12/15/1991,355.43,353.35,0,-0.1272,355.85
1/15/1992,355.43,353.29,-0.1484,0.5088,356.42
2/15/1992,355.36,353.53,0.3816,-0.3392,356.78
3/15/1992,355.54,353.37,0.6148,0.4452,357.16
4/15/1992,355.83,353.58,0.0212,0.0848,357.65
5/15/1992,355.84,353.62,0.212,0.0848,357.72
6/15/1992,355.94,353.66,0.1696,0.2756,356.77
7/15/1992,356.02,353.79,0.7208,-0.5088,355.09
8/15/1992,356.36,353.55,0.4028,0.3392,353.58
9/15/1992,356.55,353.71,-0.0424,0.8692,353.48
10/15/1992,356.53,354.12,0.8056,0.2332,354.7
11/15/1992,356.91,354.23,-1.2932,0.6572,355.88
12/15/1992,356.3,354.54,0.2968,0,356.63
1/15/1993,356.44,354.54,-0.424,0.318,357.09
2/15/1993,356.24,354.69,0.848,0.318,357.43
3/15/1993,356.64,354.84,-0.8268,-0.1908,357.85
4/15/1993,356.25,354.75,0,-0.0636,358.31
5/15/1993,356.25,354.72,0.8692,0.212,358.26
6/15/1993,356.66,354.82,-0.424,0.106,357.23
7/15/1993,356.46,354.87,1.0388,-0.2756,355.61
8/15/1993,356.95,354.74,-0.1484,0.3604,354.33
9/15/1993,356.88,354.91,0.53,-0.0636,354.36
10/15/1993,357.13,354.88,0.1908,0.424,355.59
11/15/1993,357.22,355.08,-0.848,0.1484,356.83
12/15/1993,356.82,355.15,0.2544,0.318,357.73
1/15/1994,356.94,355.3,-0.0212,0.3816,358.34
2/15/1994,356.93,355.48,0.8692,0.106,358.87
3/15/1994,357.34,355.53,0.1908,0.1908,359.22
4/15/1994,357.43,355.62,0.4664,-0.1908,359.58
5/15/1994,357.65,355.53,1.4204,0.106,359.61
6/15/1994,358.32,355.58,-0.2332,0.5088,358.68
7/15/1994,358.21,355.82,0.6996,0.424,357.15
8/15/1994,358.54,356.02,0.2756,0.2332,355.93
9/15/1994,358.67,356.13,-0.2968,-0.106,355.89
10/15/1994,358.53,356.08,0.0636,0.318,357.14
11/15/1994,358.56,356.23,0.4876,0.3816,358.56
12/15/1994,358.79,356.41,0.2332,0.636,359.43
1/15/1995,358.9,356.71,0.4028,0.7208,360
2/15/1995,359.09,357.05,0.5724,-0.106,360.48
3/15/1995,359.36,357,0.6996,0.742,360.94
4/15/1995,359.69,357.35,0.424,0.0212,361.41
5/15/1995,359.89,357.36,0.0636,0.3816,361.33
6/15/1995,359.92,357.54,0.8056,0.4028,360.47
7/15/1995,360.3,357.73,-0.212,0.318,358.85
8/15/1995,360.2,357.88,1.378,0.53,357.59
9/15/1995,360.85,358.13,-0.4664,0.1696,357.91
10/15/1995,360.63,358.21,0.5088,-0.0424,359.29
11/15/1995,360.87,358.19,0.5724,0.1908,360.63
12/15/1995,361.14,358.28,-0.5512,0.1696,361.51
1/15/1996,360.88,358.36,0.9116,0.4876,362.01
2/15/1996,361.31,358.59,-0.3816,0.3392,362.36
3/15/1996,361.13,358.75,1.166,0.6572,362.69
4/15/1996,361.68,359.06,-0.2544,0.53,363.01
5/15/1996,361.56,359.31,0.9328,0.2968,363.15
6/15/1996,362,359.45,1.1448,0.5512,362.74
7/15/1996,362.54,359.71,0.0424,0.1484,361.43
8/15/1996,362.56,359.78,-1.0176,0.1484,359.93
9/15/1996,362.08,359.85,0.3392,-0.0848,359.57
10/15/1996,362.24,359.81,0.7632,0.2756,360.53
11/15/1996,362.6,359.94,0.6784,0.318,361.64
12/15/1996,362.92,360.09,0.0424,0.0636,362.49
1/15/1997,362.94,360.12,-0.4664,0.0424,363.14
2/15/1997,362.72,360.14,0.5512,0.106,363.5
3/15/1997,362.98,360.19,-0.2332,0.3816,363.88
4/15/1997,362.87,360.37,0.6784,0.3604,364.36
5/15/1997,363.19,360.54,-0.106,0.1696,364.36
6/15/1997,363.14,360.62,0.2968,0.4452,363.45
7/15/1997,363.28,360.83,-0.3392,0.0212,361.79
8/15/1997,363.12,360.84,1.3144,0.2968,360.27
9/15/1997,363.74,360.98,-0.2756,-0.0212,360.27
10/15/1997,363.61,360.97,-0.8268,0.3816,361.8
11/15/1997,363.22,361.15,1.0388,0.0848,363.46
12/15/1997,363.71,361.19,0.4876,-0.106,364.54
1/15/1998,363.94,361.14,-1.0176,0.5088,365.04
2/15/1998,363.46,361.38,1.5052,0.2332,365.31
3/15/1998,364.17,361.49,0.8268,0.5512,365.78
4/15/1998,364.56,361.75,1.2296,0.5088,366.43
5/15/1998,365.14,361.99,0.2968,0.4028,366.7
6/15/1998,365.28,362.18,0.3392,1.0176,366.11
7/15/1998,365.44,362.66,0.9116,0.5512,364.69
8/15/1998,365.87,362.92,0.2544,0.5088,363.64
9/15/1998,365.99,363.16,0.2544,0.4664,363.88
10/15/1998,366.11,363.38,0.742,0.848,365.19
11/15/1998,366.46,363.78,0.8692,0.4452,366.44
12/15/1998,366.87,363.99,0.742,0.3816,367.31
1/15/1999,367.22,364.17,-0.0636,0.53,367.96
2/15/1999,367.19,364.42,0.954,0.1484,368.36
3/15/1999,367.64,364.49,-0.106,0.5724,368.75
4/15/1999,367.59,364.76,0.53,0.1272,369.13
5/15/1999,367.84,364.82,0.5512,0.4452,369.04
6/15/1999,368.1,365.03,0.1272,0.212,368.2
7/15/1999,368.16,365.13,-0.0636,0.4452,366.54
8/15/1999,368.13,365.34,0.8056,0.2968,365.18
9/15/1999,368.51,365.48,-1.5052,-0.0636,365.3
10/15/1999,367.8,365.45,0.2756,0.3816,366.6
11/15/1999,367.93,365.63,1.2084,-0.0424,367.9
12/15/1999,368.5,365.61,-0.2756,-0.1908,368.73
1/15/2000,368.37,365.52,-0.9328,0.5724,369.24
2/15/2000,367.93,365.79,1.2932,0.3816,369.5
3/15/2000,368.54,365.97,0.5724,0.8268,369.83
4/15/2000,368.81,366.36,0.1484,0.5936,370.21
5/15/2000,368.88,366.64,0.4452,-0.1484,370.1
6/15/2000,369.09,366.57,-0.7208,0.6148,369.18
7/15/2000,368.75,366.86,0.5936,-0.4028,367.79
8/15/2000,369.03,366.67,-0.0636,0.5936,366.63
9/15/2000,369,366.95,-0.8268,0.0424,366.58
10/15/2000,368.61,366.97,1.4416,0.106,367.78
11/15/2000,369.29,367.02,0.1908,0.0636,369.13
12/15/2000,369.38,367.05,0.4664,0.1696,369.95
1/15/2001,369.6,367.13,0.7208,-0.0848,370.53
2/15/2001,369.94,367.09,0.4452,0.2756,371.02
3/15/2001,370.15,367.22,0.5936,0.636,371.43
4/15/2001,370.43,367.52,-0.0636,0.3392,371.74
5/15/2001,370.4,367.68,-0.3604,0.4664,371.63
6/15/2001,370.23,367.9,1.166,-0.9116,370.69
7/15/2001,370.78,367.47,-0.2544,0.212,369.3
8/15/2001,370.66,367.57,-0.954,0.6148,368.16
9/15/2001,370.21,367.86,1.2296,0.2968,368.21
10/15/2001,370.79,368,0.1696,0.3604,369.55
11/15/2001,370.87,368.17,-0.0424,0.1484,370.88
12/15/2001,370.85,368.24,0.3392,0.4664,371.8
1/15/2002,371.01,368.46,0.5724,0.8904,372.35
2/15/2002,371.28,368.88,0.53,0.4028,372.74
3/15/2002,371.53,369.07,0.636,0.0848,373.21
4/15/2002,371.83,369.11,0.5936,-0.0424,373.56
5/15/2002,372.11,369.09,0.5936,0.6572,373.54
6/15/2002,372.39,369.4,-0.0636,0.9964,372.67
7/15/2002,372.36,369.87,-0.6572,0.5512,371.24
8/15/2002,372.05,370.13,0.318,0.1908,370.2
9/15/2002,372.2,370.22,0.2332,0.3604,370.52
10/15/2002,372.31,370.39,1.378,0.5088,371.79
11/15/2002,372.96,370.63,0.6148,0.424,373.12
12/15/2002,373.25,370.83,-0.6572,0.5088,374.09
1/15/2003,372.94,371.07,2.3108,0.1272,374.76
2/15/2003,374.03,371.13,-0.7208,0.3604,375.29
3/15/2003,373.69,371.3,1.166,0.318,375.74
4/15/2003,374.24,371.45,0.8904,0,376.23
5/15/2003,374.66,371.45,-0.0636,1.2084,376.37
6/15/2003,374.63,372.02,0.5724,0.2544,375.54
7/15/2003,374.9,372.14,-0.5512,0.1696,373.99
8/15/2003,374.64,372.22,0.742,0.5512,372.76
9/15/2003,374.99,372.48,0.2544,0.4876,372.92
10/15/2003,375.11,372.71,1.2084,0.2332,374.2
11/15/2003,375.68,372.82,0.318,0.1908,375.49
12/15/2003,375.83,372.91,0.2544,0.1908,376.36
1/15/2004,375.95,373,0.7632,0.6996,377.04
2/15/2004,376.31,373.33,0.2968,-0.106,377.56
3/15/2004,376.45,373.28,0.1272,-0.0212,377.99
4/15/2004,376.51,373.27,0.1272,0.3816,378.31
5/15/2004,376.57,373.45,0.3604,0.4664,378.24
6/15/2004,376.74,373.67,-0.212,0.3816,377.36
7/15/2004,376.64,373.85,0.53,1.1236,375.81
8/15/2004,376.89,374.38,1.9292,0.0212,374.33
9/15/2004,377.8,374.39,-0.9328,0.1696,374.23
10/15/2004,377.36,374.47,-0.5088,0.53,375.57
11/15/2004,377.12,374.72,-0.212,0.212,377.04
12/15/2004,377.02,374.82,0.6572,0.3392,378.01
1/15/2005,377.33,374.98,0.1484,-0.0424,378.58
2/15/2005,377.4,374.96,0.5936,0.2756,379.12
3/15/2005,377.68,375.09,0.6996,0.1696,379.72
4/15/2005,378.01,375.17,0.6784,-0.106,380.17
5/15/2005,378.33,375.12,-0.0848,0.6784,380.27
6/15/2005,378.29,375.44,1.2508,0.3816,379.45
7/15/2005,378.88,375.62,-0.5724,1.0812,377.79
8/15/2005,378.61,376.13,1.6112,0.2332,376.57
9/15/2005,379.37,376.24,-0.848,0.6572,376.59
10/15/2005,378.97,376.55,1.3568,0.318,377.9
11/15/2005,379.61,376.7,0.5724,0.1272,379.35
12/15/2005,379.88,376.76,0.5512,0.3816,380.35
1/15/2006,380.14,376.94,-0.7632,0.4664,381.15
2/15/2006,379.78,377.16,1.06,0.6572,381.78
3/15/2006,380.28,377.47,0.424,-0.3604,382.16
4/15/2006,380.48,377.3,0.7844,0.7844,382.5
5/15/2006,380.85,377.67,0.9964,0.5088,382.46
6/15/2006,381.32,377.91,-0.0636,0.0848,381.58
7/15/2006,381.29,377.95,-0.4452,0.3816,379.89
8/15/2006,381.08,378.13,1.272,0.1484,378.3
9/15/2006,381.68,378.2,-0.0636,0.424,378.44
10/15/2006,381.65,378.4,-0.212,0.4028,379.88
11/15/2006,381.55,378.59,-0.106,0.4452,381.23
12/15/2006,381.5,378.8,0.954,0.0636,382.19
1/15/2007,381.95,378.83,0.4664,-0.3392,382.83
2/15/2007,382.17,378.67,0.8056,0.212,383.34
3/15/2007,382.55,378.77,-0.4876,0.424,383.81
4/15/2007,382.32,378.97,0.4876,0.8268,384.07
5/15/2007,382.55,379.36,-0.0424,-0.106,383.91
6/15/2007,382.53,379.31,0.954,0.742,383.05
7/15/2007,382.98,379.66,-0.2756,0.318,381.35
8/15/2007,382.85,379.81,1.4416,0.6148,380.09
9/15/2007,383.53,380.1,-0.848,0.4664,380.48
10/15/2007,383.13,380.32,0.5512,0.4664,381.88
11/15/2007,383.39,380.54,0.5724,0.2332,383.23
12/15/2007,383.66,380.65,-0.6996,0.318,384.23
1/15/2008,383.33,380.8,1.9292,0.2756,384.99
2/15/2008,384.24,380.93,0.2544,0.424,385.51
3/15/2008,384.36,381.13,0.3816,0.2332,385.91
4/15/2008,384.54,381.24,-0.0848,0.5512,386.3
5/15/2008,384.5,381.5,1.1024,0.7844,386.25
6/15/2008,385.02,381.87,0.1908,0.0424,385.34
7/15/2008,385.11,381.89,-1.696,0.5936,383.87
8/15/2008,384.31,382.17,-0.5724,0.4876,382.55
9/15/2008,384.04,382.4,2.5016,-0.4028,382.33
10/15/2008,385.22,382.21,0.7844,0.2544,383.45
11/15/2008,385.59,382.33,-0.1908,0.4028,384.95
12/15/2008,385.5,382.52,0.212,0.1696,386.05
1/15/2009,385.6,382.6,1.8656,0.3604,386.8
2/15/2009,386.48,382.77,-0.424,0.0424,387.26
3/15/2009,386.28,382.79,-0.1696,0.6784,387.49
4/15/2009,386.2,383.11,-0.424,0.2968,387.77
5/15/2009,386,383.25,1.2932,0.4664,387.73
6/15/2009,386.61,383.47,-0.4664,0,386.74
7/15/2009,386.39,383.47,1.3356,0.3392,384.81
8/15/2009,387.02,383.63,-0.3392,0.2756,383.44
9/15/2009,386.86,383.76,0,0,383.74
10/15/2009,386.86,383.76,0.5512,0.318,385.3
11/15/2009,387.12,383.91,0.3392,0.2544,386.75
12/15/2009,387.28,384.03,0.6148,0.0636,387.64
1/15/2010,387.57,384.06,1.0176,0.3392,388.42
2/15/2010,388.05,384.22,-0.424,0.5936,389.14
3/15/2010,387.85,384.5,0.848,0.424,389.48
4/15/2010,388.25,384.7,0.2756,0.1484,389.79
5/15/2010,388.38,384.77,0.2544,0.5088,389.76
6/15/2010,388.5,385.01,1.7808,-0.2332,388.82
7/15/2010,389.34,384.9,0.3604,0.53,387.17
8/15/2010,389.51,385.15,0.318,0.2968,386.06
9/15/2010,389.66,385.29,0.5088,0.1484,386.52
10/15/2010,389.9,385.36,-0.3604,0.6784,388.07
11/15/2010,389.73,385.68,-0.4028,0.8268,389.44
12/15/2010,389.54,386.07,1.0176,0.5936,390.18
1/15/2011,390.02,386.35,0.4876,0.7632,390.74
2/15/2011,390.25,386.71,0.9328,0.1908,391.17
3/15/2011,390.69,386.8,0.4028,0.1696,391.48
4/15/2011,390.88,386.88,-0.3604,0.5088,391.86
5/15/2011,390.71,387.12,1.1448,0.212,391.89
6/15/2011,391.25,387.22,-0.1484,0.8904,390.95
7/15/2011,391.18,387.64,-0.4876,-0.6148,389.01
8/15/2011,390.95,387.35,-0.6572,0.1272,387.69
9/15/2011,390.64,387.41,0.6784,-0.0424,388.09
10/15/2011,390.96,387.39,0.4664,0.4664,389.66
11/15/2011,391.18,387.61,1.3144,0.0636,391.03
12/15/2011,391.8,387.64,-0.1908,0.5512,391.87
1/15/2012,391.71,387.9,1.5052,0.3816,392.44
2/15/2012,392.42,388.08,0.106,0.8692,393.03
3/15/2012,392.47,388.49,-0.0212,0.1484,393.55
4/15/2012,392.46,388.56,0.53,-0.1484,393.81
5/15/2012,392.71,388.49,0.6572,1.0176,393.69
6/15/2012,393.02,388.97,-0.8692,-0.4028,392.65
7/15/2012,392.61,388.78,0.4452,1.06,390.8
8/15/2012,392.82,389.28,1.802,-0.0212,389.69
9/15/2012,393.67,389.27,-0.2968,0.5512,390.35
10/15/2012,393.53,389.53,-0.318,0.1484,391.96
11/15/2012,393.38,389.6,0.8056,0.8692,393.37
12/15/2012,393.76,390.01,0.6572,0.848,394.2
1/15/2013,394.07,390.41,1.06,0.1484,394.88
2/15/2013,394.57,390.48,-0.0212,0.6148,395.5
3/15/2013,394.56,390.77,1.2932,0.1696,396.09
4/15/2013,395.17,390.85,0.1484,0.8692,396.54
5/15/2013,395.24,391.26,0.6572,0.0636,396.55
6/15/2013,395.55,391.29,1.166,0.848,395.75
7/15/2013,396.1,391.69,-0.7632,0.4452,394.27
8/15/2013,395.74,391.9,-0.2756,0.7208,393.04
9/15/2013,395.61,392.24,2.1624,1.0388,393.02
10/15/2013,396.63,392.73,-0.6148,0.5724,394.31
11/15/2013,396.34,393,0.4876,0.4452,395.76
12/15/2013,396.57,393.21,0.742,0.4664,396.66
1/15/2014,396.92,393.43,-0.1908,0.0848,397.29
2/15/2014,396.83,393.47,0.9116,0.1272,397.75
3/15/2014,397.26,393.53,0.3392,0.4876,398.05
4/15/2014,397.42,393.76,0.6572,0.6572,398.41
5/15/2014,397.73,394.07,0.2968,0.424,398.48
6/15/2014,397.87,394.27,-1.1024,0.3604,397.51
7/15/2014,397.35,394.44,1.272,0.2756,395.92
8/15/2014,397.95,394.57,1.3144,0.2544,394.81
9/15/2014,398.57,394.69,-0.0848,0.2968,394.89
10/15/2014,398.53,394.83,0.5088,0.0212,396.15
11/15/2014,398.77,394.84,-1.06,0.318,397.62
12/15/2014,398.27,394.99,0.954,0.3392,398.6
1/15/2015,398.72,395.15,0.2756,0.4028,399.33
2/15/2015,398.85,395.34,0.7844,0.4664,399.88
3/15/2015,399.22,395.56,0.5088,0.3816,400.33
4/15/2015,399.46,395.74,0.5088,0.5088,400.73
5/15/2015,399.7,395.98,0.212,0.6148,400.68
6/15/2015,399.8,396.27,-0.5088,0.2544,399.83
7/15/2015,399.56,396.39,0.9116,0.1484,398.15
8/15/2015,399.99,396.46,1.484,0.8268,396.84
9/15/2015,400.69,396.85,0.106,0.9116,397.11
10/15/2015,400.74,397.28,-0.8692,0.5088,398.56
11/15/2015,400.33,397.52,1.0176,0.7844,400.13
12/15/2015,400.81,397.89,-0.6148,-0.5512,401.43
1/15/2016,400.52,397.63,0.9116,0.742,402.37
2/15/2016,400.95,397.98,1.9504,0.2544,403.01
3/15/2016,401.87,398.1,1.2932,0.7844,403.6
4/15/2016,402.48,398.47,0.6996,0.3392,404.12
5/15/2016,402.81,398.63,-0.4452,0.5512,404.17
6/15/2016,402.6,398.89,1.7172,0.7208,403.39
7/15/2016,403.41,399.23,-0.2332,1.5264,401.87
8/15/2016,403.3,399.95,3.1164,-0.3604,400.56
9/15/2016,404.77,399.78,-1.0388,1.696,400.73
10/15/2016,404.28,400.58,0.424,1.1236,402.18
11/15/2016,404.48,401.11,-1.59,-0.3604,403.53
12/15/2016,403.73,400.94,0.1272,0.3392,404.44
1/15/2017,403.79,401.1,1.484,0.3816,405.1
2/15/2017,404.49,401.28,1.272,0.4876,405.69
3/15/2017,405.09,401.51,1.6748,-0.1484,406.1
4/15/2017,405.88,401.44,-0.8692,0.0212,406.39
5/15/2017,405.47,401.45,1.166,0.5512,406.43
6/15/2017,406.02,401.71,-0.2756,0.5724,405.64
7/15/2017,405.89,401.98,-0.7844,-0.0636,403.89
8/15/2017,405.52,401.95,1.378,-0.1272,402.36
9/15/2017,406.17,401.89,0.742,0.4664,402.44
10/15/2017,406.52,402.11,0.0848,0.2968,403.94
11/15/2017,406.56,402.25,-0.3604,0.318,405.48
12/15/2017,406.39,402.4,0.8056,0.6572,406.53
1/15/2018,406.77,402.71,-0.0424,0.5724,407.31
2/15/2018,406.75,402.98,1.0388,0.4876,408
3/15/2018,407.24,403.21,0.4028,0.636,408.54
4/15/2018,407.43,403.51,0.5088,0.5088,408.85
5/15/2018,407.67,403.75,0.6996,0.7208,408.75
6/15/2018,408,404.09,-0.8692,0.4876,407.87
7/15/2018,407.59,404.32,0.2756,1.0176,406.26
8/15/2018,407.72,404.8,-0.424,0.2544,404.89
9/15/2018,407.52,404.92,0.8268,-0.106,404.96
10/15/2018,407.91,404.87,0.848,0.4452,406.42
11/15/2018,408.31,405.08,-0.4664,0,407.9
12/15/2018,408.09,405.08,1.1448,0.6996,408.96
1/15/2019,408.63,405.41,0.954,0.5936,409.69
2/15/2019,409.08,405.69,1.1236,0.5936,410.12
3/15/2019,409.61,405.97,1.6324,0.212,410.67
4/15/2019,410.38,406.07,-0.4876,0.1696,411.11
5/15/2019,410.15,406.15,1.5264,-0.0212,411.1
6/15/2019,410.87,406.14,0.0636,1.2508,410.29
7/15/2019,410.9,406.73,-0.9328,-0.1484,408.66
8/15/2019,410.46,406.66,0.5724,0.1908,407.43
9/15/2019,410.73,406.75,1.484,1.0176,407.71
10/15/2019,411.43,407.23,-0.0848,0.4028,409.23
11/15/2019,411.39,407.42,-0.742,0.848,410.67
12/15/2019,411.04,407.82,1.2296,0.4664,411.54
1/15/2020,411.62,408.04,0.9116,0.3604,412.19
2/15/2020,412.05,408.21,0.0212,0.4664,412.73
3/15/2020,412.06,408.43,1.0388,0.5088,413.24
4/15/2020,412.55,408.67,0.4876,0.7844,413.65
5/15/2020,412.78,409.04,1.1448,0.0636,413.6
6/15/2020,413.32,409.07,0.0212,0.6996,412.66
7/15/2020,413.33,409.4,-0.8268,0.4876,410.94
8/15/2020,412.94,409.63,0.8692,0.5088,409.52
9/15/2020,413.35,409.87,0.848,0.4876,409.83
10/15/2020,413.75,410.1,0,0.5088,411.49
11/15/2020,,,,,413.04